-- Insert data into Service Center relation
INSERT INTO SERVICE_CENTER VALUES
(01, 'Abu dhabi', 'Al Danah', 'servicecarad@gmail.com');
INSERT INTO SERVICE_CENTER VALUES
(02, 'Dubai', 'Jumeirah', 'servicecardxb@gmail.com');

-- Insert data into Equiments relation
INSERT INTO EQUIPMENTS VALUES
(156343, 'Air Compressor', DATE '2022-12-31', 01);
INSERT INTO EQUIPMENTS VALUES
(673821, 'Vehicle Lift', DATE '2022-12-31', 02);
INSERT INTO EQUIPMENTS VALUES
(134853, 'Jack stands', DATE '2022-11-30', 01);
INSERT INTO EQUIPMENTS VALUES
(456374, 'Oil caddy', DATE '2022-11-30', 02);
INSERT INTO EQUIPMENTS VALUES
(765894, 'Oil drain', DATE '2025-12-31', 01);
INSERT INTO EQUIPMENTS VALUES
(678908, 'Battery charger', DATE '2025-12-31', 02);
INSERT INTO EQUIPMENTS VALUES
(145314, 'Engine hoist', DATE '2023-12-31', 01);
INSERT INTO EQUIPMENTS VALUES
(134654, 'Hoover Pressure Washer', DATE '2023-12-31', 02);
INSERT INTO EQUIPMENTS VALUES
(363533, 'Strut compressor', DATE '2022-6-13', 01);
INSERT INTO EQUIPMENTS VALUES
(235622, 'Air conditioning machine', DATE '2022-6-13', 02);

-- Insert data into Employee Service Car relation
INSERT INTO EMPLOYEE_SERVICE_CARS VALUES
(001, 16284);
INSERT INTO EMPLOYEE_SERVICE_CARS VALUES
(002, 87426);
INSERT INTO EMPLOYEE_SERVICE_CARS VALUES
(003, 28393);
INSERT INTO EMPLOYEE_SERVICE_CARS VALUES
(004, 63782);
INSERT INTO EMPLOYEE_SERVICE_CARS VALUES
(005, 23345);
INSERT INTO EMPLOYEE_SERVICE_CARS VALUES
(006, 45643);
INSERT INTO EMPLOYEE_SERVICE_CARS VALUES
(007, 56743);
INSERT INTO EMPLOYEE_SERVICE_CARS VALUES
(008, 23488);

-- Insert data into Employee Car relation
INSERT INTO EMP_CAR VALUES
(001, 'Nissan', 2019);
INSERT INTO EMP_CAR VALUES
(002, 'Nissan', 2019);
INSERT INTO EMP_CAR VALUES
(003, 'Nissan', 2019);
INSERT INTO EMP_CAR VALUES
(004, 'Nissan', 2019);
INSERT INTO EMP_CAR VALUES
(005, 'Nissan', 2019);
INSERT INTO EMP_CAR VALUES
(006, 'Nissan', 2019);
INSERT INTO EMP_CAR VALUES
(007, 'Nissan', 2019);
INSERT INTO EMP_CAR VALUES
(008, 'Nissan', 2019);

-- Insert data into Employee Profile relation
INSERT INTO EMPLOYEE_PROFILE VALUES
(2165, 'John', 'Johnson', 'garnett2010@hotmail.com', 'azae4Quea', '0503928234', 990742632, 01, 001);
INSERT INTO EMPLOYEE_PROFILE VALUES
(6473, 'Michael', 'Martin', 'hermann1978@yahoo.com', 'Dee6ua7ekai', '0506108851', 608874318, 01, 002);
INSERT INTO EMPLOYEE_PROFILE VALUES
(9287, 'Gregory', 'Martinez', 'bailey1990@yahoo.com', 'Zi3oGh3mo2fah','0505464887', 294782221, 01, 003);
INSERT INTO EMPLOYEE_PROFILE VALUES
(6735, 'Francisco', 'Westra', 'treie1972@hotmail.com', 'weiGh6exie', '0585654887', 408422083, 01, 004);
INSERT INTO EMPLOYEE_PROFILE VALUES
(8273, 'Michael', 'Gustin', 'halli5.oconne@hotmail.com', 'viiSh5latee','0556170992', 782634582, 02, 005);
INSERT INTO EMPLOYEE_PROFILE VALUES
(4567, 'Danial', 'Ratliff', 'jadyn2008@hotmail.com', 'Upuequ3Bo2','0551489597', 279834604, 02, 006);
INSERT INTO EMPLOYEE_PROFILE VALUES
(4325, 'John', 'Tuttle', 'franz2002@gmail.com', 'Xoor4ucoox','0551253678', 342317084, 02, 007);
INSERT INTO EMPLOYEE_PROFILE VALUES
(7845, 'Thomas', 'Riddick', 'randi_kuhi4@gmail.com', 'ohshoKo9aew','0583567825', 697857818, 02, 008);

-- Insert data into Employee Salary relation
INSERT INTO EMP_SALARY VALUES
('Supervisor', 3500);
INSERT INTO EMP_SALARY VALUES
('Labor', 3000);

-- Insert data into Employee Information relation
INSERT INTO EMP_INFO VALUES
(2165, DATE '1984-01-31', 'Labor');
INSERT INTO EMP_INFO VALUES
(6473, DATE '1968-09-18', 'Labor');
INSERT INTO EMP_INFO VALUES
(9287, DATE '1973-08-07', 'Labor');
INSERT INTO EMP_INFO VALUES
(6735, DATE '1982-04-5','Supervisor');
INSERT INTO EMP_INFO VALUES
(8273, DATE '1975-02-10', 'Labor');
INSERT INTO EMP_INFO VALUES
(4567, DATE '1965-01-11', 'Supervisor');
INSERT INTO EMP_INFO VALUES
(4325, DATE '1956-11-04', 'Labor');
INSERT INTO EMP_INFO VALUES
(7845, DATE '1961-03-10', 'Labor');

-- Insert data into Customer Cars relation
INSERT INTO CUSTOMER_CARS VALUES
(001, 12768);
INSERT INTO CUSTOMER_CARS VALUES
(002, 18739);
INSERT INTO CUSTOMER_CARS VALUES
(003, 28373);
INSERT INTO CUSTOMER_CARS VALUES
(004, 35624);
INSERT INTO CUSTOMER_CARS VALUES
(005, 75623);
INSERT INTO CUSTOMER_CARS VALUES
(006, 25475);
INSERT INTO CUSTOMER_CARS VALUES
(007, 27832);
INSERT INTO CUSTOMER_CARS VALUES
(008, 98732);
INSERT INTO CUSTOMER_CARS VALUES
(009, 47328);
INSERT INTO CUSTOMER_CARS VALUES
(010, 62946);

-- Insert data into Customer Car relation
INSERT INTO CUST_CAR VALUES
(001, 'Honda', 2020);
INSERT INTO CUST_CAR VALUES
(002, 'Infiniti', 2021);
INSERT INTO CUST_CAR VALUES
(003, 'Toyota', 2018);
INSERT INTO CUST_CAR VALUES
(004, 'Audi', 2022);
INSERT INTO CUST_CAR VALUES
(005, 'BMW', 2011);
INSERT INTO CUST_CAR VALUES
(006, 'Land Rover', 2016);
INSERT INTO CUST_CAR VALUES
(007, 'Ford', 2011);
INSERT INTO CUST_CAR VALUES
(008, 'Jeep', 2016);
INSERT INTO CUST_CAR VALUES
(009, 'GMC', 2018);
INSERT INTO CUST_CAR VALUES
(010, 'Infiniti', 2022);

-- Insert data into Customer Profile relation
INSERT INTO CUSTOMER_PROFILE VALUES
(5321, 'Glenn',  'Robinson', 'ellis_wiega@hotmail.com', '0503928234', 'jaf3booCoh', 001);
INSERT INTO CUSTOMER_PROFILE VALUES
(5276, 'Thomas', 'Smith', 'janiya.brow2@gmail.com', '0505678234', 'kwnFD4588P', 002);
INSERT INTO CUSTOMER_PROFILE VALUES
(5829, 'Joseph', 'Thies', 'liana19751983@yahoo.com', '0503926534', 'MW7q469AwY', 003);
INSERT INTO CUSTOMER_PROFILE VALUES
(5872, 'Stanford', 'Brown', 'alicia1991@yahoo.com', '0503928546', '2yc3LRRx4R', 004);
INSERT INTO CUSTOMER_PROFILE VALUES
(5928, 'Bill', 'Pettway', 'theron1988@hotmail.com', '0557548234', 'jdsfsdiofh', 005);
INSERT INTO CUSTOMER_PROFILE VALUES
(5920, 'Catherine', 'Voss', 'geovanni_johns@hotmail.com', '0578098234', 'isduhfuidf', 006);
INSERT INTO CUSTOMER_PROFILE VALUES
(5372, 'Nicole', 'Barnes', 'jeanette1995@gmail.com', '0549058234', 'duy8djbfis', 007);
INSERT INTO CUSTOMER_PROFILE VALUES
(5332, 'David', 'Peake', 'noah.padber2@yahoo.com', '0558908234', '32uiuudsc', 008);
INSERT INTO CUSTOMER_PROFILE VALUES
(5778, 'Fred', 'Brink', 'moie2015@yahoo.com', '0501348335', '87hbfdsfs', 009);
INSERT INTO CUSTOMER_PROFILE VALUES
(5980, 'Denise', 'Bricker', 'marta_labad@gmail.com', '0556927893', 'ihbndiuf8', 010);

-- Insert data into Customer Information relation
INSERT INTO CUST_INFO VALUES
(5321, 'United States', DATE '1997-11-05');
INSERT INTO CUST_INFO VALUES
(5276, 'Japan', DATE '1992-09-04');
INSERT INTO CUST_INFO VALUES
(5829, 'England', DATE '1970-01-23');
INSERT INTO CUST_INFO VALUES
(5872, 'Egypt', DATE '1985-03-07');
INSERT INTO CUST_INFO VALUES
(5928, 'Italy', DATE '1962-02-06');
INSERT INTO CUST_INFO VALUES
(5920, 'chiko slovakia', DATE '1984-11-30');
INSERT INTO CUST_INFO VALUES
(5372, 'United States', DATE '1996-09-30');
INSERT INTO CUST_INFO VALUES
(5332, 'United Kingdom', DATE '2000-04-12');
INSERT INTO CUST_INFO VALUES
(5778, 'United Kingdom', DATE '1990-02-06');
INSERT INTO CUST_INFO VALUES
(5980, 'England', DATE '1994-12-09');

-- Insert data into Feedbacks relation
INSERT INTO FEEDBACKS VALUES
(01, 9, 'Good job', 5321);
INSERT INTO FEEDBACKS VALUES
(02, 10, 'Excellent work', 5276);
INSERT INTO FEEDBACKS VALUES
(03, 10, 'Excellent work', 5872);
INSERT INTO FEEDBACKS VALUES
(04, 8, 'Good job', 5372);
INSERT INTO FEEDBACKS VALUES
(05, 9, 'I like your work, good job', 5980);

-- Insert data into services relation
INSERT INTO SERVICES VALUES
(742, 'Car Oil Change', 100);
INSERT INTO SERVICES VALUES
(712, 'Car Tinting', 500);
INSERT INTO SERVICES VALUES
(772, 'Car Recovery', 300);
INSERT INTO SERVICES VALUES
(735, 'Car Wash', 30);
INSERT INTO SERVICES VALUES
(752, 'Flat Battery', 80);
INSERT INTO SERVICES VALUES
(124, 'Wheel Alignment', 95);
INSERT INTO SERVICES VALUES
(351, 'Car AC Repair', 250);
INSERT INTO SERVICES VALUES
(764, 'Flat Tyre', 150);

-- Insert data into customer order relation
INSERT INTO CUSTOMER_ORDER VALUES
(78932,351);
INSERT INTO CUSTOMER_ORDER VALUES
(78293,712);
INSERT INTO CUSTOMER_ORDER VALUES
(67394,735);
INSERT INTO CUSTOMER_ORDER VALUES
(87349,712);
INSERT INTO CUSTOMER_ORDER VALUES
(37682,742);
INSERT INTO CUSTOMER_ORDER VALUES
(38745,712);
INSERT INTO CUSTOMER_ORDER VALUES
(34567,735);
INSERT INTO CUSTOMER_ORDER VALUES
(23456,764);
INSERT INTO CUSTOMER_ORDER VALUES
(23893,735);
INSERT INTO CUSTOMER_ORDER VALUES
(34856,712);
INSERT INTO CUSTOMER_ORDER VALUES
(32458,735);
INSERT INTO CUSTOMER_ORDER VALUES
(23487,712);
INSERT INTO CUSTOMER_ORDER VALUES
(32845,351);

-- Insert data into products relation
INSERT INTO PRODUCTS VALUES
(126, 'Turtle Wax Trim Restoree', 73.95);
INSERT INTO PRODUCTS VALUES
(675, 'DAX TIRE GLOW 500ML', 26.25);
INSERT INTO PRODUCTS VALUES
(245, 'STP MULTI PURPOSE MOTOR TREATMENT 16OZ', 51.45);
INSERT INTO PRODUCTS VALUES
(876, 'GOOD STUFF RIMS DETAILER 500ML', 59.50);
INSERT INTO PRODUCTS VALUES
(295, 'MCKEES 37 CERAMIC DETAIL SPRAY 22OZ', 99.25);

-- Insert data into payments relation
INSERT INTO PAYMENTS VALUES
(0001, 126.25, 742, 675);
INSERT INTO PAYMENTS (payment_id, total_price, service_id) VALUES
(0002, 30, 735);
INSERT INTO PAYMENTS VALUES
(0003, 139.5, 752, 876);
INSERT INTO PAYMENTS VALUES
(0004, 223.95, 764, 126);
INSERT INTO PAYMENTS VALUES
(0005, 56.25, 735, 675);
INSERT INTO PAYMENTS (payment_id, total_price, service_id) VALUES
(0006, 500, 712);
INSERT INTO PAYMENTS (payment_id, total_price, serial_number) VALUES
(0007, 124.25,295);

-- Insert data into Employee Car History relation
INSERT INTO EMPLOYEE_CAR_HISTORY VALUES 
(2165, 002, DATE '2022-5-29');
INSERT INTO EMPLOYEE_CAR_HISTORY VALUES 
(6473, 001, DATE '2022-5-20');
INSERT INTO EMPLOYEE_CAR_HISTORY VALUES 
(9287, 004, DATE '2022-5-29');
INSERT INTO EMPLOYEE_CAR_HISTORY VALUES 
(6735, 003, DATE '2022-5-1');
INSERT INTO EMPLOYEE_CAR_HISTORY VALUES 
(8273, 006, DATE '2022-5-25');
INSERT INTO EMPLOYEE_CAR_HISTORY VALUES 
(4567, 005, DATE '2022-5-15');
INSERT INTO EMPLOYEE_CAR_HISTORY VALUES 
(4325, 007, DATE '2022-5-22');
INSERT INTO EMPLOYEE_CAR_HISTORY VALUES 
(7845, 008, DATE '2022-5-29');

-- Insert data into Customer Service History relation
INSERT INTO CUSTOMER_SERVICE_HISTORY VALUES 
(2165, 78932, 5321, DATE '2022-4-29');
INSERT INTO CUSTOMER_SERVICE_HISTORY VALUES 
(2165, 32845, 5276, DATE '2022-5-15');
INSERT INTO CUSTOMER_SERVICE_HISTORY VALUES 
(6473, 67394, 5829, DATE '2022-3-20');
INSERT INTO CUSTOMER_SERVICE_HISTORY VALUES 
(9287, 37682, 5872, DATE '2022-5-20');
INSERT INTO CUSTOMER_SERVICE_HISTORY VALUES 
(6735, 38745, 5928, DATE '2022-5-2');
INSERT INTO CUSTOMER_SERVICE_HISTORY VALUES 
(8273, 34567, 5920, DATE '2022-5-25');
INSERT INTO CUSTOMER_SERVICE_HISTORY VALUES 
(4567, 23893, 5372, DATE '2022-5-15');
INSERT INTO CUSTOMER_SERVICE_HISTORY VALUES 
(4325, 34856, 5332, DATE '2022-3-13');
INSERT INTO CUSTOMER_SERVICE_HISTORY VALUES 
(7845, 32458, 5778, DATE '2022-3-2');
INSERT INTO CUSTOMER_SERVICE_HISTORY VALUES 
(7845, 23487, 5980, DATE '2022-5-29');

-- Insert data into Ordered Products relation
INSERT INTO ORDERED_PRODUCTS VALUES 
(78932, 126, 2);
INSERT INTO ORDERED_PRODUCTS VALUES 
(32845, 675, 1);
INSERT INTO ORDERED_PRODUCTS VALUES 
(67394, 245, 1);
INSERT INTO ORDERED_PRODUCTS VALUES 
(37682, 876, 1);
INSERT INTO ORDERED_PRODUCTS VALUES 
(38745, 295, 1);
INSERT INTO ORDERED_PRODUCTS VALUES 
(34567, 876, 2);
INSERT INTO ORDERED_PRODUCTS VALUES 
(23893, 295, 1);
INSERT INTO ORDERED_PRODUCTS VALUES 
(34856, 126, 1);
INSERT INTO ORDERED_PRODUCTS VALUES 
(32458, 295, 1);
INSERT INTO ORDERED_PRODUCTS VALUES 
(23487, 675, 1);
